Clusters,Income,Recency,Age,Tenure,Family_Members,Total_Spending,Total_Purchase,Total_Accepted
0,75468.28953229399,50.636971046770604,57.4521158129176,4435.886414253898,2.1848552338530065,1261.077951002227,22.498886414253896,0.31625835189309576
1,31086.603395061727,47.9320987654321,47.870370370370374,4481.259259259259,2.822530864197531,113.16820987654322,14.648148148148149,0.0787037037037037
2,84255.92481203008,48.06015037593985,54.8421052631579,4487.601503759399,2.3233082706766917,1541.8045112781954,24.74436090225564,2.481203007518797
3,43896.57234042553,51.49574468085106,62.03191489361702,4391.825531914894,3.8276595744680852,145.5063829787234,15.423404255319149,0.1
4,57971.125968992244,46.939922480620154,60.52131782945737,4636.048449612403,3.125968992248062,837.7403100775193,28.350775193798448,0.17635658914728683
